City_ID,City,Lat,Lng,Max Temp,Humidity,Cloudiness,Wind Speed,Country,Date
0,remire-montjoly,4.9167,-52.2667,299.17,89,0,0.0,GF,1709466947
1,adamstown,-25.066,-130.1015,297.68,77,99,7.49,PN,1709466947
2,salekhard,66.53,66.6019,264.41,94,95,3.99,RU,1709466948
3,bikenibeu village,1.3673,173.1241,300.13,89,40,5.14,KI,1709466949
4,blackmans bay,-43.0167,147.3167,282.22,67,61,1.34,AU,1709466949
5,miles city,46.4083,-105.8406,267.69,86,100,7.72,US,1709466950
6,belyy yar,53.6039,91.3903,262.09,79,79,0.0,RU,1709466950
7,troitsko-pechorsk,62.7084,56.1964,271.87,93,100,4.02,RU,1709466951
8,waitangi,-43.9535,-176.5597,286.94,92,64,1.34,NZ,1709466952
9,mumbwa,-14.9783,27.0619,302.43,38,84,1.74,ZM,1709466952
10,upington,-28.4478,21.2561,305.36,18,75,8.75,ZA,1709466953
11,nueva concepcion,14.2,-91.3,297.02,71,27,1.95,GT,1709466953
12,nar'yan-mar,67.6713,53.087,273.21,95,100,7.6,RU,1709466954
13,fort bragg,35.139,-79.006,285.83,96,100,0.0,US,1709466954
14,brookings,44.3114,-96.7984,279.4,88,0,7.2,US,1709466955
15,albany,42.6001,-73.9662,280.82,95,100,0.89,US,1709466714
16,pacific grove,36.6177,-121.9166,283.52,85,0,2.06,US,1709466956
17,grytviken,-54.2811,-36.5092,278.25,81,4,3.82,GS,1709466956
18,kusadasi,37.8556,27.2566,290.8,58,95,2.06,TR,1709466957
19,magadan,59.5667,150.8,261.56,89,100,3.78,RU,1709466957
20,carnarvon,-24.8667,113.6333,297.59,79,1,9.39,AU,1709466958
21,riosucio,5.4216,-75.7032,288.44,94,59,0.09,CO,1709466958
22,iqaluit,63.7506,-68.5145,244.09,75,100,0.0,CA,1709466959
23,qaqortoq,60.7167,-46.0333,261.2,86,72,4.03,GL,1709466960
24,bebeji,11.6673,8.2622,309.56,7,100,5.08,NG,1709466961
25,chunskiy,56.0815,99.6342,254.57,99,99,0.31,RU,1709466961
26,katsuura,35.1333,140.3,283.06,57,3,7.94,JP,1709466962
27,newman,37.3138,-121.0208,282.28,89,99,2.01,US,1709466962
28,port-aux-francais,-49.35,70.2167,281.97,89,100,18.83,TF,1709466963
29,new norfolk,-42.7826,147.0587,282.87,60,38,2.85,AU,1709466963
30,puerto natales,-51.7236,-72.4875,282.4,66,75,5.14,CL,1709466964
31,opuwo,-18.0607,13.84,307.16,24,61,1.4,NA,1709466964
32,izmail,45.3493,28.8408,283.31,42,100,0.5,UA,1709466965
33,egilsstadir,65.2653,-14.3948,270.1,93,100,2.06,IS,1709466966
34,kataba,13.9833,44.3833,296.61,37,100,3.97,YE,1709466966
35,edinburgh of the seven seas,-37.0676,-12.3116,290.95,76,100,13.23,SH,1709466967
36,dudinka,69.4058,86.1778,264.08,92,100,10.28,RU,1709466967
37,boa vista,2.8197,-60.6733,299.14,69,0,3.6,BR,1709466901
38,papatowai,-46.5619,169.4708,283.19,86,96,2.48,NZ,1709466968
39,cruzeiro do sul,-29.5128,-51.9853,297.29,92,100,0.96,BR,1709466969
40,divo,5.8397,-5.36,301.53,75,79,2.4,CI,1709466970
41,sao jose da coroa grande,-8.8978,-35.1478,302.98,68,45,3.37,BR,1709466970
42,drezdenko,52.8383,15.8308,290.01,56,60,5.03,PL,1709466971
43,kone,-21.0595,164.8658,299.07,88,98,0.87,NC,1709466972
44,bredasdorp,-34.5322,20.0403,294.08,82,100,9.37,ZA,1709466972
45,badger,64.8,-147.5333,248.1,67,0,3.6,US,1709466973
46,kovur,14.4833,79.9833,301.15,58,16,5.82,IN,1709466973
47,czarna bialostocka,53.3051,23.2815,282.3,57,2,5.23,PL,1709466974
48,la passe,45.5549,-0.8967,284.28,67,10,6.34,FR,1709466974
49,remchi,35.062,-1.4336,286.38,71,40,8.23,DZ,1709466975
50,iskateley,67.6803,53.1512,273.16,95,100,7.6,RU,1709466975
51,hawaiian paradise park,19.5933,-154.9731,293.17,94,100,3.09,US,1709466976
52,port elizabeth,-33.918,25.5701,295.55,87,100,6.17,ZA,1709466976
53,dunedin,-45.8742,170.5036,286.93,65,100,4.47,NZ,1709466793
54,agadez,19.75,10.25,302.19,4,3,1.3,NE,1709466977
55,ushuaia,-54.8,-68.3,278.96,75,40,10.8,AR,1709466895
56,longyearbyen,78.2186,15.6401,273.06,80,75,7.2,SJ,1709466979
57,colesberg,-30.72,25.0972,305.06,18,20,4.79,ZA,1709466979
58,bilibino,68.0546,166.4372,249.7,100,91,1.65,RU,1709466980
59,tsiombe,-25.3,45.4833,307.48,38,66,5.35,MG,1709466980
60,praya,14.9215,-23.5087,297.45,60,20,12.35,CV,1709466981
61,fale old settlement,-9.3852,-171.2468,302.48,76,68,6.86,TK,1709466981
62,san julian,21.0167,-102.1667,284.46,42,22,2.33,MX,1709466982
63,estes park,40.3772,-105.5217,272.17,61,94,8.94,US,1709466961
64,utrik,11.2278,169.8474,299.76,80,100,11.18,MH,1709466983
65,tazacorte,28.629,-17.9293,292.69,63,20,6.17,ES,1709466983
66,vorgashor,67.5833,63.95,256.3,95,49,3.07,RU,1709466984
67,happy valley-goose bay,53.3168,-60.3315,271.32,74,75,5.14,CA,1709466985
68,fisterra,42.9049,-9.2629,284.68,67,70,7.23,ES,1709466985
69,christchurch,-43.5333,172.6333,290.32,45,100,7.72,NZ,1709466713
70,hermanus,-34.4187,19.2345,296.37,78,100,9.2,ZA,1709466987
71,puerto ayora,-0.7393,-90.3518,295.68,90,12,0.89,EC,1709466987
72,santo antonio,-6.3106,-35.4789,302.65,65,90,1.99,BR,1709466988
73,punta arenas,-53.15,-70.9167,278.21,75,75,2.57,CL,1709466726
74,urengoy,65.9667,78.3667,269.42,97,100,3.55,RU,1709466989
75,cambria,35.5641,-121.0808,284.85,87,90,0.89,US,1709466989
76,bubaque,11.2833,-15.8333,299.44,50,14,4.47,GW,1709466990
77,talnakh,69.4865,88.3972,263.82,92,100,8.94,RU,1709466990
78,vadso,70.0744,29.7487,275.64,87,20,4.12,NO,1709466991
79,avarua,-21.2078,-159.775,299.18,94,7,2.57,CK,1709466991
80,limassol,34.675,33.0333,291.19,68,75,8.75,CY,1709466992
81,lebu,-37.6167,-73.65,285.72,65,0,9.19,CL,1709466993
82,stanley,54.868,-1.6985,279.66,87,20,2.06,GB,1709466993
83,cartagena del chaira,1.3349,-74.8429,295.84,95,85,0.65,CO,1709466994
84,manaure,11.7751,-72.4445,297.77,79,77,5.39,CO,1709466994
85,hasselt,50.9311,5.3378,288.68,65,96,1.34,BE,1709466995
86,usinsk,65.9939,57.5281,271.52,97,100,8.05,RU,1709466995
87,mount gambier,-37.8333,140.7667,283.61,79,10,3.11,AU,1709466996
88,anadyr,64.75,177.4833,262.43,79,100,7.0,RU,1709466996
89,port mathurin,-19.6833,63.4167,299.79,85,61,9.18,MU,1709466997
90,hamilton,39.1834,-84.5333,280.58,95,100,2.06,US,1709466862
91,baksan,43.6881,43.5369,277.02,83,100,1.57,RU,1709466998
92,nayagarh,20.1333,85.1,300.97,47,32,4.21,IN,1709466998
93,tazovsky,67.4667,78.7,259.71,94,100,5.62,RU,1709466999
94,wailua homesteads,22.0669,-159.378,293.59,74,40,7.72,US,1709466999
95,invercargill,-46.4,168.35,285.38,74,99,3.13,NZ,1709467000
96,muborak,39.2553,65.1528,277.23,58,97,4.08,UZ,1709467000
97,kapa'a,22.0752,-159.319,294.33,74,40,7.72,US,1709467001
98,trenggalek,-8.05,111.7167,299.22,94,100,0.51,ID,1709467001
99,la ronge,55.1001,-105.2842,255.29,78,100,6.69,CA,1709467002
100,georgetown,5.4112,100.3354,303.68,78,40,3.6,MY,1709466761
101,guajara mirim,-10.7828,-65.3394,297.17,94,100,1.28,BR,1709467003
102,puerto leguizamo,-0.1934,-74.7819,296.06,94,94,0.14,CO,1709467004
103,rosso,16.4986,-15.8153,304.17,9,0,7.87,SN,1709467004
104,kozakai-cho,34.8,137.3589,280.38,50,44,4.47,JP,1709467005
105,daru,-9.0763,143.2092,300.15,83,100,1.37,PG,1709467005
106,newborough,52.6389,-0.2233,281.17,90,100,0.51,GB,1709467006
107,kodiak,57.79,-152.4072,264.88,73,0,2.57,US,1709466761
108,vila velha,-20.3297,-40.2925,300.12,69,40,2.06,BR,1709467007
109,bethel,41.3712,-73.414,281.49,86,100,2.06,US,1709466824
110,antigo,45.1402,-89.1523,276.82,96,87,5.33,US,1709466920
111,yellowknife,62.456,-114.3525,239.98,79,0,0.0,CA,1709467008
112,urangan,-25.3,152.9,299.93,82,82,2.68,AU,1709467009
113,uray,60.1247,64.7758,272.52,97,100,5.36,RU,1709467009
114,prince rupert,54.3161,-130.3201,271.98,74,0,2.57,CA,1709466909
115,awjilah,29.1081,21.2869,296.52,19,38,1.14,LY,1709467010
116,dwarka,22.2394,68.9678,294.21,45,1,7.27,IN,1709467011
117,palmer,42.1584,-72.3287,280.38,83,100,6.17,US,1709466997
118,klyuchi,52.2667,79.1667,263.12,94,95,3.02,RU,1709467012
119,luanda,-8.8368,13.2343,304.15,74,75,4.63,AO,1709467012
120,aykhal,66.0,111.5,257.03,99,98,1.2,RU,1709467013
121,dapaong,10.8639,0.205,311.14,12,96,3.06,TG,1709467014
122,ust-nera,64.5667,143.2,248.0,99,60,2.04,RU,1709467014
123,cabo san lucas,22.8909,-109.9124,293.43,73,85,6.71,MX,1709466900
124,kristiansund,63.1115,7.732,282.51,57,0,3.09,NO,1709467015
125,yangambi,0.8102,24.4336,305.57,47,99,2.42,CD,1709467016
126,quepos,9.4236,-84.1652,297.6,59,20,1.66,CR,1709467016
127,aripuana,-9.1667,-60.6333,296.25,98,100,1.21,BR,1709467017
128,masuguru,-11.3667,38.4167,303.39,75,96,1.15,TZ,1709467017
129,afaahiti,-17.75,-149.2833,299.08,83,99,7.44,PF,1709467018
130,garoua boulai,5.8833,14.55,309.12,24,98,1.58,CM,1709467018
131,whitehorse,60.7161,-135.0538,246.58,69,0,3.09,CA,1709467019
132,qamdo,31.1667,97.2333,274.48,32,50,3.17,CN,1709467019
133,hadibu,12.65,54.0333,300.48,64,73,4.61,YE,1709467020
134,city of balikpapan,-1.242,116.8942,301.12,89,40,2.57,ID,1709467020
135,mineiros,-17.5694,-52.5511,299.34,64,47,1.06,BR,1709467021
136,margaret river,-33.95,115.0667,294.17,89,23,2.18,AU,1709466917
137,luderitz,-26.6481,15.1594,296.75,58,0,9.24,NA,1709467022
138,hotan,37.0997,79.9269,278.09,33,94,2.46,CN,1709467023
139,east ballina,-28.8667,153.5833,294.15,91,100,2.06,AU,1709467023
140,hithadhoo,-0.6,73.0833,301.94,68,95,2.17,MV,1709467024
141,ilulissat,69.2167,-51.1,259.4,56,36,6.45,GL,1709467024
142,labuan,5.2767,115.2417,300.35,83,20,3.6,MY,1709467025
143,upper grand lagoon,30.1633,-85.7408,289.27,94,0,2.06,US,1709467025
144,darovskoy,58.77,47.9564,273.32,85,100,3.58,RU,1709467026
145,vanimo,-2.6741,141.3028,299.3,90,98,1.94,PG,1709467026
146,pavlovka,52.6897,47.1405,271.35,86,7,2.06,RU,1709467027
147,santa ana,33.7456,-117.8678,285.29,93,100,2.06,US,1709466729
148,saipan,15.1355,145.701,299.54,83,40,2.57,MP,1709467028
149,lihue,21.9789,-159.3672,293.92,75,40,7.72,US,1709467028
150,santa luzia,-19.7697,-43.8514,298.58,82,40,4.63,BR,1709467029
151,dakhla,23.6848,-15.958,292.16,59,0,8.75,EH,1709467029
152,castillos,-34.1667,-53.8333,293.15,63,97,6.38,UY,1709467030
153,kassala,15.451,36.4,309.68,13,98,4.19,SD,1709467031
154,belle fourche,44.6714,-103.8522,280.0,52,100,8.94,US,1709467031
155,xam nua,20.4197,104.0439,294.62,42,33,1.49,LA,1709467032
156,quellon,-43.1167,-73.6167,283.16,80,24,2.5,CL,1709467033
157,pericos,25.05,-107.7,288.21,52,100,0.46,MX,1709467033
158,altus,34.6381,-99.334,283.88,84,0,4.12,US,1709467034
159,kingston,17.997,-76.7936,297.68,83,20,2.57,JM,1709467035
160,aasiaat,68.7098,-52.8699,260.86,61,15,10.16,GL,1709467035
161,chibougamau,49.9168,-74.3659,268.94,80,100,4.12,CA,1709467036
162,soe,-9.8607,124.284,293.96,95,100,1.02,ID,1709467036
163,trescore balneario,45.6965,9.8426,286.73,69,20,4.12,IT,1709467037
164,peruibe,-24.32,-46.9983,298.91,72,5,1.04,BR,1709467038
165,alingsas,57.9303,12.5335,281.24,85,100,3.49,SE,1709467038
166,rengasdengklok,-6.1592,107.2981,298.22,85,98,2.53,ID,1709467039
167,keflavik,64.0049,-22.5624,273.39,74,20,2.06,IS,1709467039
168,swakopmund,-22.6833,14.5333,296.62,79,40,4.47,NA,1709467040
169,rongelap,11.1635,166.8941,299.72,85,100,10.29,MH,1709467041
170,sabha,27.0377,14.4283,299.21,9,0,5.08,LY,1709467041
171,kidal,18.4411,1.4078,306.98,5,69,2.3,ML,1709467042
172,kingscliff,-28.2667,153.5667,298.56,94,100,0.0,AU,1709467042
173,east london,-33.0153,27.9116,298.67,73,40,5.66,ZA,1709467043
174,jiazi,22.8779,116.067,289.55,80,45,5.73,CN,1709467043
175,enewetak,11.3474,162.3373,299.68,84,100,9.73,MH,1709467044
176,isafjordur,66.0755,-23.124,267.17,53,0,0.0,IS,1709467045
177,linares,-35.85,-71.6,284.81,52,0,2.09,CL,1709467045
178,udachny,66.4167,112.4,261.18,84,98,1.64,RU,1709467046
179,ramos arizpe,25.55,-100.9667,291.46,26,100,1.81,MX,1709466907
180,palu,-0.8917,119.8707,298.79,96,100,0.75,ID,1709467047
181,tianpeng,30.9866,103.9393,282.41,75,100,1.06,CN,1709467048
182,port said,31.2565,32.2841,292.14,68,40,6.69,EG,1709467048
183,el granada,37.5027,-122.4694,283.06,85,20,3.09,US,1709466876
184,taoudenni,22.6783,-3.9836,302.86,7,0,0.65,ML,1709467049
185,madang,-5.2246,145.7966,299.53,88,89,0.29,PG,1709467050
186,saint-philippe,-21.3585,55.7679,303.92,92,96,6.52,RE,1709467051
187,constantia,44.1833,28.65,281.53,56,100,1.89,RO,1709467051
188,tondano,1.3038,124.9112,295.2,93,99,1.7,ID,1709467052
189,puerto armuelles,8.2833,-82.8667,295.14,82,59,1.79,PA,1709467052
190,filipstad,59.7124,14.1683,276.67,97,100,3.49,SE,1709467053
191,thompson,55.7435,-97.8558,247.24,76,40,4.12,CA,1709467054
192,nemuro,43.3236,145.575,270.34,66,89,3.18,JP,1709467054
193,uturoa,-16.7333,-151.4333,301.39,78,79,7.19,PF,1709467055
194,kailua-kona,19.6406,-155.9956,296.13,83,0,3.09,US,1709467056
195,augustow,53.8432,22.9798,281.16,53,4,5.67,PL,1709467057
196,ribeira grande,38.5167,-28.7,290.25,88,75,8.23,PT,1709467057
197,weno,7.4515,151.8468,301.12,78,40,3.6,FM,1709467058
198,charters towers,-20.1,146.2667,297.66,87,54,5.37,AU,1709467058
199,minas de marcona,-15.2119,-75.1103,292.11,83,77,2.39,PE,1709467059
200,goba,7.0167,39.9833,291.09,54,73,3.04,ET,1709467059
201,ancud,-41.8697,-73.8203,282.36,70,0,2.51,CL,1709467060
202,umea,63.8284,20.2597,274.11,93,100,1.54,SE,1709466881
203,tiksi,71.6872,128.8694,247.64,100,92,1.65,RU,1709467061
204,west island,-12.1568,96.8225,301.65,76,98,7.87,CC,1709467061
205,sinabang,2.4803,96.3801,301.21,79,78,2.71,ID,1709467062
206,prado,-17.3411,-39.2208,300.87,71,47,3.97,BR,1709467062
207,rio grande,-32.035,-52.0986,296.45,88,100,5.91,BR,1709467063
208,jamestown,42.097,-79.2353,278.92,100,84,0.45,US,1709467063
209,port lincoln,-34.7333,135.8667,290.63,71,0,7.8,AU,1709467064
210,borba,-4.3878,-59.5939,296.23,99,100,1.25,BR,1709467065
211,giado,31.9582,12.0203,294.25,16,1,5.04,LY,1709467065
212,khandyga,62.6667,135.6,243.74,100,94,0.8,RU,1709467066
213,grand-lahou,5.1367,-5.0242,303.99,68,69,3.31,CI,1709467066
214,patterson,37.4716,-121.1297,280.4,89,96,0.9,US,1709466775
215,konarka,19.9,86.1167,305.37,67,2,5.36,IN,1709467067
216,eydhafushi,5.1033,73.0708,301.72,72,1,5.19,MV,1709467068
217,cole harbour,44.6724,-63.4751,278.11,94,100,0.89,CA,1709467068
218,san antonio de pale,-1.4014,5.6325,301.47,74,88,1.67,GQ,1709467069
219,atafu village,-8.5421,-172.5159,302.52,75,82,5.69,TK,1709467069
220,tubarjal,30.4999,38.216,292.24,37,0,7.32,SA,1709467070
221,karagandy,49.8019,73.1021,260.12,94,99,2.07,KZ,1709467071
222,coyhaique,-45.5752,-72.0662,281.49,75,0,1.54,CL,1709467071
223,port saint john's,-31.6229,29.5448,300.96,68,49,3.66,ZA,1709467072
224,rio preto da eva,-2.6994,-59.6997,297.48,93,100,1.13,BR,1709466899
225,gryfow slaski,51.0308,15.4202,285.93,68,98,4.51,PL,1709467073
226,chandler,33.3062,-111.8412,288.16,57,1,2.7,US,1709466850
227,umm kaddadah,13.6017,26.6876,308.2,7,66,7.48,SD,1709467074
228,verkhotur'ye,58.8627,60.8054,273.8,90,80,3.8,RU,1709467074
229,okhotsk,59.3833,143.3,261.38,88,100,2.2,RU,1709467075
230,polyarnyy,69.1989,33.4478,274.07,100,100,5.0,RU,1709467075
231,ghanzi,-21.5667,21.7833,307.82,17,12,3.13,BW,1709467076
232,mejit,10.2753,170.8646,299.91,80,87,11.34,MH,1709467077
233,kulhudhuffushi,6.6221,73.07,301.8,72,2,5.28,MV,1709467077
234,praia da vitoria,38.7333,-27.0667,291.29,68,75,8.47,PT,1709467078
235,san patricio,28.017,-97.5169,292.5,96,91,2.65,US,1709467078
236,hammerfest,70.6634,23.6821,275.4,100,75,2.06,NO,1709467079
237,marsabit,2.3284,37.9899,301.68,34,89,5.58,KE,1709467079
238,faya-largeau,17.9257,19.1043,307.52,7,35,7.7,TD,1709467080
239,belfast,54.5833,-5.9333,280.03,82,20,4.12,GB,1709467080
240,pereiaslav-khmelnytskyi,50.0877,31.4795,276.74,70,100,6.03,UA,1709467081
241,college,64.8569,-147.8028,248.14,65,0,3.6,US,1709467075
242,chonchi,-42.6128,-73.8092,279.88,78,10,1.5,CL,1709467082
243,haifa,32.8156,34.9892,291.67,66,40,5.14,IL,1709467083
244,alenquer,-1.9417,-54.7383,297.98,92,100,0.71,BR,1709466859
245,taitung city,22.7583,121.1444,292.3,77,75,2.06,TW,1709467084
246,ha giang,22.8333,104.9833,290.37,81,6,1.48,VN,1709467084
247,alofi,-19.0595,-169.9187,299.09,78,70,3.09,NU,1709467085
248,hirara,24.8,125.2833,292.3,88,75,8.75,JP,1709467085
249,sirjan,29.452,55.6814,285.21,18,58,2.85,IR,1709467086
250,tofol,5.3248,163.0078,301.37,79,100,9.33,FM,1709467087
251,colonia,50.9333,6.95,289.23,61,0,3.6,DE,1709467087
252,pleiku,13.9833,108.0,294.27,74,20,3.29,VN,1709466814
253,piacabucu,-10.4056,-36.4344,303.74,65,84,4.1,BR,1709467088
254,port alfred,-33.5906,26.891,294.92,94,99,1.34,ZA,1709467089
255,lerwick,60.1545,-1.1494,280.15,91,100,12.53,GB,1709467089
256,alta,69.9689,23.2717,273.81,81,40,6.26,NO,1709467090
257,andreyevo,55.9465,41.1505,270.87,100,12,1.04,RU,1709467091
258,qalat,32.1058,66.9083,275.18,48,86,6.86,AF,1709467091
259,anjiang,27.3194,110.1031,283.82,84,100,1.08,CN,1709467092
260,kalkar,51.7333,6.3,289.03,61,0,0.0,DE,1709467092
261,leh,34.1667,77.5833,266.67,83,100,1.58,IN,1709467093
262,ulladulla,-35.35,150.4667,291.33,74,65,1.47,AU,1709467094
263,howrah,22.5892,88.3103,303.15,48,40,4.12,IN,1709467094
264,ulsteinvik,62.3432,5.8487,282.22,80,64,2.22,NO,1709467095
265,nishinoomote,30.7333,131.0,286.59,57,27,6.29,JP,1709467096
266,saynshand,44.8824,110.1163,258.58,90,78,3.29,MN,1709467096
267,buala,-8.145,159.5921,300.37,82,100,1.47,SB,1709467097
268,kodinsk,58.6881,99.1844,256.29,99,98,1.36,RU,1709467098
269,nova vicosa,-17.8919,-39.3719,300.25,69,91,4.24,BR,1709467098
270,lamu,-2.2717,40.902,303.58,65,95,6.76,KE,1709467099
271,tarko-sale,64.9225,77.785,268.87,97,100,3.73,RU,1709467099
272,kerikeri,-35.2268,173.9474,291.99,90,100,2.6,NZ,1709467100
273,horsham,51.064,-0.3272,282.88,72,20,1.54,GB,1709467100
274,saldanha,-33.0117,17.9442,301.18,69,100,2.45,ZA,1709467101
275,tolanaro,-25.0319,46.9987,303.19,66,20,9.26,MG,1709467102
276,xichang,27.8964,102.2634,289.2,40,0,2.6,CN,1709467102
277,bathsheba,13.2167,-59.5167,297.49,88,40,2.57,BB,1709467103
278,zhanibek,49.4167,46.85,274.2,72,6,5.96,KZ,1709467103
279,arkalyk,50.2486,66.9114,263.7,94,94,2.38,KZ,1709467104
280,flying fish cove,-10.4217,105.6791,299.97,94,40,1.03,CX,1709467104
281,haiku-pauwela,20.9219,-156.3051,294.84,82,0,5.14,US,1709467105
282,nacozari de garcia,30.3742,-109.6908,281.09,43,33,1.9,MX,1709467106
283,paramonga,-10.6667,-77.8333,296.54,83,84,2.78,PE,1709467106
284,port hedland,-20.3167,118.5667,302.18,79,40,3.09,AU,1709467107
285,fort st. john,56.2499,-120.8529,250.09,77,100,7.2,CA,1709466861
286,severo-yeniseyskiy,60.3725,93.0408,261.25,92,100,3.58,RU,1709467108
287,fort mcmurray,56.7268,-111.381,251.92,77,100,3.09,CA,1709467108
288,portland,45.5234,-122.6762,276.47,94,100,4.92,US,1709467080
289,bernay,49.1667,0.6667,281.55,74,99,3.58,FR,1709467110
290,burgdorf,52.4463,10.0064,287.2,78,20,5.66,DE,1709467110
291,coquimbo,-29.9533,-71.3436,290.0,94,100,2.57,CL,1709467111
292,eilat,29.5581,34.9482,296.06,27,24,5.14,IL,1709467111
293,sao raimundo nonato,-9.0153,-42.6994,299.63,82,100,1.33,BR,1709467112
294,amper,9.35,9.7,310.34,8,98,2.16,NG,1709467113
295,dawei,14.0833,98.2,300.1,68,58,2.14,MM,1709467113
296,loukhi,66.0764,33.0381,274.36,99,100,4.15,RU,1709467114
297,laojunmiao,39.8333,97.7333,267.79,64,81,1.92,CN,1709467114
298,tura,25.5198,90.2201,295.89,36,0,1.23,IN,1709467115
299,licata,37.1071,13.9461,290.87,74,30,4.97,IT,1709467115
300,tweed heads,-28.1817,153.547,298.69,94,100,0.0,AU,1709467116
301,mikhaylovsk,45.1283,42.0256,276.27,87,75,10.0,RU,1709467116
302,gaya,24.7833,85.0,293.1,88,75,2.57,IN,1709467117
303,wanning,18.8003,110.3967,295.87,90,71,4.77,CN,1709467117
304,sitka,57.0531,-135.33,265.09,38,0,2.06,US,1709467118
305,karratha,-20.7377,116.8463,302.33,67,73,3.06,AU,1709467118
306,bardai,11.65,7.2333,309.31,7,94,4.25,NG,1709467119
307,al jammaliyah,31.1809,31.8652,292.1,46,56,6.83,EG,1709467119
308,ribeira brava,32.65,-17.0667,293.22,65,1,0.07,PT,1709467120
309,revda,56.801,59.9303,270.85,91,100,5.93,RU,1709467121
310,barakani,-12.1356,44.4317,301.23,76,97,2.4,KM,1709467121
311,lompoc,34.6391,-120.4579,284.7,94,100,1.54,US,1709466829
312,puerto deseado,-47.7503,-65.8938,282.45,58,6,13.75,AR,1709467122
313,broken hill,-31.95,141.4333,296.87,27,0,6.21,AU,1709467123
314,luwuk,-0.9516,122.7875,299.98,89,100,1.1,ID,1709467123
315,mount pearl,47.5166,-52.7813,275.45,90,75,9.26,CA,1709467124
316,ndibene dahra,15.3338,-15.4766,303.14,6,5,6.34,SN,1709467124
317,evergem,51.1455,3.7118,282.14,92,100,4.04,BE,1709467125
318,sao miguel do araguaia,-13.275,-50.1628,300.32,81,100,1.59,BR,1709467047
319,west bay,19.3667,-81.4167,298.19,83,20,3.09,KY,1709467126
320,ciudad lazaro cardenas,17.9583,-102.2,293.87,78,45,1.9,MX,1709467126
321,lere,10.387,8.5726,308.96,8,99,4.46,NG,1709467127
322,arawa,-6.2132,155.5367,298.88,91,68,0.55,PG,1709467128
323,tinogasta,-28.0632,-67.5649,293.18,84,99,2.91,AR,1709467129
324,simanggang,1.2472,111.4528,302.14,89,96,0.0,MY,1709467129
325,horta,38.5333,-28.6333,289.83,80,75,8.23,PT,1709466881
326,tauranga,-37.6861,176.1667,292.51,95,78,0.33,NZ,1709467130
327,banjarmasin,-3.3244,114.591,301.23,91,99,0.4,ID,1709467131
328,harbin,45.75,126.65,263.12,91,45,2.57,CN,1709467132
329,shohimardon,39.9839,71.8028,269.58,97,100,1.9,UZ,1709467132
330,midvagur,62.0511,-7.1939,281.61,71,75,11.32,FO,1709467133
331,paita,-5.0892,-81.1144,298.09,81,99,2.78,PE,1709467133
332,la'ie,21.6477,-157.9253,295.16,83,20,2.24,US,1709467134
333,luganville,-15.5333,167.1667,301.04,86,100,1.9,VU,1709467135
334,medina,24.4686,39.6142,303.39,19,20,4.63,SA,1709466864
335,susuman,62.7833,148.1667,252.58,96,100,1.79,RU,1709467136
336,weyburn,49.6668,-103.8511,264.27,92,100,5.66,CA,1709467137
337,kresttsy,58.2452,32.5165,277.65,72,12,3.42,RU,1709467137
338,cidreira,-30.1811,-50.2056,299.57,77,100,3.67,BR,1709467138
339,shiyan,32.6475,110.7781,283.96,66,7,3.06,CN,1709467138
340,vilyuchinsk,52.9306,158.4028,267.3,86,100,3.11,RU,1709467139
341,yaren,-0.5472,166.916,301.16,78,79,5.05,NR,1709467139
342,liepaja,56.5419,21.0367,284.14,50,0,6.69,LV,1709467140
343,solnechnyy,50.7214,136.6319,254.49,96,90,1.78,RU,1709467141
344,gerede,40.8008,32.1969,280.59,61,76,2.67,TR,1709467141
345,babu,24.4167,111.5167,284.61,94,100,1.13,CN,1709467142
346,magdalena de kino,30.6333,-110.95,283.84,37,5,1.35,MX,1709467142
347,road town,18.4167,-64.6167,298.17,73,40,7.2,VG,1709467143
348,zhangzhou,24.5133,117.6556,288.11,76,3,2.13,CN,1709467143
349,zaragoza,41.6561,-0.8773,283.71,53,75,6.69,ES,1709466864
350,portstewart,55.1813,-6.714,279.98,75,87,2.92,GB,1709467144
351,parakou,9.3372,2.6303,309.91,30,98,2.54,BJ,1709467145
352,al bayda',32.7627,21.7551,288.28,46,9,6.6,LY,1709467148
353,tangalle,6.024,80.7911,305.24,73,28,5.03,LK,1709467148
354,ketchikan,55.3422,-131.6461,272.14,59,100,3.6,US,1709467149
355,trondheim,63.4305,10.3951,283.18,97,82,4.38,NO,1709466894
356,sola,-13.8833,167.55,301.77,81,97,6.76,VU,1709467150
357,great falls,47.5002,-111.3008,259.4,78,100,3.09,US,1709466876
358,dabola,10.75,-11.1167,310.61,12,6,2.1,GN,1709467151
359,callao,-12.0667,-77.15,298.55,83,40,3.09,PE,1709467152
360,petropavlovsk-kamchatsky,53.0452,158.6483,266.48,63,75,2.0,RU,1709467153
361,kununurra,-15.7667,128.7333,301.14,89,100,2.06,AU,1709467153
362,cannonvale,-20.2833,148.7,300.81,83,13,2.89,AU,1709467154
363,hilo,19.7297,-155.09,293.49,92,100,3.09,US,1709467154
364,vernon,50.2581,-119.2691,271.9,72,61,1.03,CA,1709467155
365,jinxiang,27.4327,120.6062,283.62,71,40,1.38,CN,1709467155
366,vila franca do campo,37.7167,-25.4333,291.42,99,97,7.68,PT,1709467156
367,saint-pierre,-21.3393,55.4781,303.97,70,75,5.66,RE,1709467157
368,belmonte,-15.8631,-38.8828,299.95,84,58,2.98,BR,1709467157
369,guarapari,-20.6667,-40.4975,299.35,64,71,2.22,BR,1709467158
370,hasaki,35.7333,140.8333,279.42,41,2,6.77,JP,1709467158
371,panguipulli,-39.6333,-72.3333,280.34,72,11,1.15,CL,1709467159
372,masterton,-40.9597,175.6575,292.09,82,41,4.05,NZ,1709467159
373,bol'sherech'ye,56.0925,74.6272,267.24,95,100,6.01,RU,1709467160
374,amga,60.8953,131.9608,252.47,100,100,0.8,RU,1709467160
375,punta alta,-38.8759,-62.0736,290.28,27,0,6.45,AR,1709466938
376,prachuap khiri khan,12.2167,99.75,299.17,71,99,2.13,TH,1709467162
377,nagqu,31.5,92.0,274.26,33,93,9.27,CN,1709467162
378,floro,61.5996,5.0328,285.19,66,20,2.57,NO,1709467163
379,olonkinbyen,70.9221,-8.7187,272.12,84,25,5.61,SJ,1709467164
380,taulaga,-11.0553,-171.0883,302.1,80,74,8.03,AS,1709467164
381,vilyuysk,63.7553,121.6247,253.15,100,100,1.79,RU,1709467165
382,fonte boa,-2.4959,-66.2662,296.11,97,100,0.47,BR,1709467165
383,porto novo,6.4965,2.6036,302.05,52,95,4.61,BJ,1709466883
384,yamrat,10.1116,9.826,309.37,8,100,2.82,NG,1709467166
385,banff,51.1762,-115.5698,250.36,77,91,0.51,CA,1709467026
386,cafayate,-26.073,-65.9761,294.67,75,84,1.24,AR,1709467167
387,san ciro de acosta,21.6333,-99.8167,289.39,90,24,0.69,MX,1709467168
388,san luis de la loma,17.2706,-100.8939,296.11,53,19,2.09,MX,1709467168
389,druzhny,53.6238,27.8977,278.29,55,41,6.12,BY,1709467169
390,ulan bator,47.9077,106.8832,259.22,78,75,2.0,MN,1709467169
391,nangwa,-4.4667,35.45,298.31,51,86,1.25,TZ,1709467170
392,buka,40.8108,69.1986,275.54,85,100,2.62,UZ,1709467170
393,fortuna,40.5982,-124.1573,276.85,96,100,5.66,US,1709467171
394,faaa,-17.55,-149.6,300.13,78,40,1.03,PF,1709467171
395,cukai,4.25,103.4167,302.12,85,100,3.41,MY,1709467172
396,gornozavodsk,58.3758,58.3211,271.92,94,100,4.77,RU,1709467173
397,esmeraldas,-19.7625,-44.3139,298.56,82,9,3.48,BR,1709467174
398,mahibadhoo,3.7833,72.9667,301.24,76,3,4.7,MV,1709467174
399,kharp,66.8014,65.8081,263.93,96,64,1.64,RU,1709467175
400,ta`u,-14.2336,-169.5144,301.4,81,51,9.06,AS,1709467176
401,tamale,9.4008,-0.8393,310.41,32,82,3.03,GH,1709467176
402,i-n-salah,27.1935,2.4607,298.77,10,0,1.35,DZ,1709467177
403,sertaozinho,-21.1378,-47.9903,298.21,56,4,1.17,BR,1709467177
404,prince george,53.9166,-122.753,254.84,74,100,2.57,CA,1709467178
405,copala,16.65,-98.9833,296.01,57,1,1.66,MX,1709467178
406,nuuk,64.1835,-51.7216,264.67,88,100,6.61,GL,1709467179
407,mohr,54.3528,9.7167,284.92,92,100,6.17,DE,1709467179
408,naracoorte,-36.9579,140.7383,285.77,69,0,4.91,AU,1709467180
409,idri,27.5,13.2667,300.35,8,0,5.3,LY,1709467181
410,deutschlandsberg,46.8153,15.2222,289.77,49,55,3.34,AT,1709467181
411,puntarenas,9.9763,-84.8384,296.73,76,9,1.39,CR,1709467182
412,villa gesell,-37.2639,-56.973,291.51,45,0,4.71,AR,1709467182
413,ronne,55.1009,14.7066,283.1,81,97,6.69,DK,1709467183
414,tamanrasset,22.785,5.5228,299.1,5,0,1.54,DZ,1709467183
415,queenstown,-31.8976,26.8753,306.01,25,72,5.41,ZA,1709467184
416,namibe,-15.1961,12.1522,300.72,65,97,4.66,AO,1709467184
417,sao felix do xingu,-6.6447,-51.995,298.58,89,97,1.07,BR,1709467185
418,santiago de cao,-7.9589,-79.2392,295.22,83,75,2.06,PE,1709467185
419,brisas de zicatela,15.8369,-97.0419,297.53,64,0,2.52,MX,1709467186
420,antsiranana,-12.2787,49.2917,297.57,100,75,0.0,MG,1709467186
421,kavaratti,10.5669,72.642,301.8,70,6,5.25,IN,1709467187
422,butia,-30.1197,-51.9622,297.02,88,100,1.44,BR,1709467188
423,bothaville,-27.3887,26.617,308.22,15,6,1.42,ZA,1709467188
424,boende,-0.2167,20.8667,304.27,50,99,1.94,CD,1709467189
425,codrington,-38.2667,141.9667,286.12,68,13,5.14,AU,1709467189
426,glace bay,46.1969,-59.957,277.74,88,100,4.63,CA,1709467190
427,altai,46.3722,96.2583,259.43,70,100,0.65,MN,1709467190
428,ballina,-28.8667,153.5667,294.14,92,100,1.96,AU,1709467191
429,alto barinas,8.5931,-70.2261,299.85,49,85,2.54,VE,1709467191
430,contamana,-7.3333,-75.0167,295.91,98,99,0.8,PE,1709467192
431,wotje,9.4543,170.2367,300.04,80,100,11.68,MH,1709467192
432,bandon,51.7469,-8.7425,281.92,67,57,5.62,IE,1709467193
433,nyurba,63.2842,118.3319,256.27,99,99,1.87,RU,1709467193
434,rio claro,-22.4114,-47.5614,299.48,75,0,0.67,BR,1709467194
435,san jose del cabo,23.0589,-109.6977,293.42,64,94,2.06,MX,1709467050
436,soavinandriana,-19.1667,46.7333,297.57,57,68,0.77,MG,1709467196
437,sur,22.5667,59.5289,294.66,46,58,4.22,OM,1709467196
438,cascais,38.6979,-9.4215,289.07,74,75,13.41,PT,1709467197
439,nabire,-3.3667,135.4833,298.56,92,92,0.85,ID,1709467197
440,banda aceh,5.5577,95.3222,300.42,84,97,3.61,ID,1709467198
441,san rafael,-34.6177,-68.3301,290.58,29,6,1.85,AR,1709467198
442,alaghsas,17.0187,8.0168,307.09,4,0,6.17,NE,1709467199
443,canico,32.6333,-16.85,293.22,70,75,4.12,PT,1709467199
444,kuanda,56.3161,116.0806,251.1,93,83,0.59,RU,1709467200
445,lobujya,27.95,86.8167,263.36,98,100,5.17,NP,1709467201
446,fukuecho,32.6881,128.8419,284.33,57,73,4.46,JP,1709467202
447,sergeyevka,53.88,67.4158,266.18,93,100,6.51,KZ,1709467203
448,lunglei,22.8833,92.7333,293.0,41,0,0.99,IN,1709467222
449,jijiga,9.35,42.8,302.8,21,51,2.41,ET,1709467227
450,albertirsa,47.2431,19.6169,288.46,78,76,3.92,HU,1709466984
451,lexington park,38.2668,-76.4538,280.19,97,40,0.0,US,1709467207
452,pocone,-16.2567,-56.6228,303.76,57,75,1.18,BR,1709467230
453,novodvinsk,64.4165,40.8122,274.01,95,100,4.03,RU,1709467231
454,auki,-8.7676,160.7034,299.3,87,100,1.15,SB,1709467232
455,guilin,25.2819,110.2864,282.21,90,100,0.7,CN,1709467232
456,oranjemund,-28.55,16.4333,293.95,69,44,5.03,NA,1709467234
457,saint-joseph,-21.3667,55.6167,303.36,89,91,4.95,RE,1709467023
458,fortaleza,-3.7227,-38.5247,302.71,89,75,3.09,BR,1709466983
459,bodo,67.28,14.405,280.17,61,0,5.66,NO,1709467111
460,hobyo,5.3505,48.5268,303.62,63,64,6.59,SO,1709467236
461,cadale,2.7603,46.3222,302.79,69,60,7.38,SO,1709467237
462,balkanabat,39.5108,54.3671,284.52,22,10,4.43,TM,1709467238
463,marsh harbour,26.5412,-77.0636,296.11,82,100,6.58,BS,1709467186
464,pangoa,-12.1167,-73.0,293.39,97,98,0.95,PE,1709467239
465,hopelchen,19.7667,-89.85,296.17,86,38,2.56,MX,1709467241
466,coari,-4.085,-63.1414,296.42,97,100,0.9,BR,1709467242
467,carolina beach,34.0352,-77.8936,288.2,97,85,1.85,US,1709467225
468,otjimbingwe,-22.35,16.1333,309.48,17,17,2.0,NA,1709467244
469,thief river falls,48.1191,-96.1812,275.11,80,100,9.26,US,1709467245
470,lautoka,-17.6167,177.4667,301.07,83,75,3.09,FJ,1709467208
471,sinjar,36.3209,41.8754,284.19,38,100,3.95,IQ,1709467248
472,salinopolis,-0.6136,-47.3561,301.12,74,100,5.31,BR,1709467250
473,moranbah,-22.0016,148.0466,300.05,73,83,1.13,AU,1709467250
474,ringas,27.35,75.5667,295.34,13,0,3.78,IN,1709467251
475,amos,48.5669,-78.1162,272.18,98,100,2.06,CA,1709467254
476,whitecourt,54.1502,-115.6855,254.04,99,100,0.97,CA,1709467255
477,sandnessjoen,66.0217,12.6316,281.21,71,0,1.54,NO,1709467256
478,saint-laurent-du-maroni,5.5039,-54.0289,301.32,66,83,1.97,GF,1709467257
479,kadom,54.5592,42.4675,273.42,99,20,1.37,RU,1709467258
480,novo aripuana,-5.1206,-60.3797,296.12,99,100,1.18,BR,1709467259
481,box elder,41.5005,-112.8764,272.44,61,100,1.12,US,1709467259
482,ulanhot,46.0833,122.0833,263.35,70,17,2.92,CN,1709467260
483,plainview,40.7765,-73.4673,282.41,91,75,2.57,US,1709467261
484,port isabel,26.0734,-97.2086,293.18,96,100,2.57,US,1709467262
485,salinas,36.6777,-121.6555,282.91,92,20,0.89,US,1709467263
486,sougueur,35.1857,1.4961,280.22,100,75,7.72,DZ,1709467264
487,geraldton,-28.7667,114.6,296.38,78,100,5.66,AU,1709467265
488,deqen,29.9618,90.7188,279.69,27,96,8.88,CN,1709467266
489,nuriootpa,-34.4833,139.0,288.46,81,0,4.25,AU,1709467266
490,abepura,-2.6333,140.5833,298.6,94,20,1.54,ID,1709467267
491,mugumu,-1.85,34.7,302.53,34,82,2.33,TZ,1709467268
492,mitchell,43.7094,-98.0298,280.78,93,100,3.09,US,1709467268
493,beau vallon,-20.4189,57.6953,304.93,74,75,6.69,MU,1709467269
494,hami,42.8,93.45,276.39,28,100,2.66,CN,1709467270
495,al khawr,25.7667,51.3167,295.73,33,0,6.58,QA,1709467270
496,solwezi,-12.1688,26.3894,299.37,60,83,1.31,ZM,1709467271
497,concordia,-31.393,-58.0209,295.19,100,100,4.63,AR,1709467271
498,pacaembu,-21.5622,-51.2606,301.04,52,7,3.1,BR,1709467272
499,haugesund,59.4138,5.268,285.46,71,75,5.66,NO,1709467273
500,santiago,-33.4569,-70.6483,296.09,45,0,0.51,CL,1709467204
501,ishikari,43.2397,141.3539,270.19,68,75,1.03,JP,1709467274
502,namsos,64.4662,11.4957,282.18,65,87,5.66,NO,1709467275
503,hinganghat,20.5667,78.8333,306.57,23,45,6.08,IN,1709467276
504,calama,-22.4667,-68.9333,283.42,37,0,6.69,CL,1709467229
505,xining,36.6167,101.7667,276.87,43,51,0.99,CN,1709467277
506,pisco,-13.7,-76.2167,297.18,78,75,1.54,PE,1709467281
507,mizan teferi,6.9833,35.5833,305.0,26,53,1.72,ET,1709467282
508,palikir - national government center,6.9248,158.1611,300.68,69,94,7.22,FM,1709467283
509,san jose del guaviare,2.5729,-72.6459,297.71,78,78,0.55,CO,1709467284
510,bama,11.5221,13.6856,311.98,8,100,5.5,NG,1709467285
511,manismata,-2.4667,111.0333,298.62,89,87,0.5,ID,1709467286
512,nyrob,60.733,56.7202,273.37,95,100,2.94,RU,1709467287
513,praia,14.9215,-23.5087,297.45,60,20,12.35,CV,1709467288
514,kuala belait,4.5833,114.1833,300.24,85,100,4.68,BN,1709467289
515,okha,53.5739,142.9478,250.01,91,10,2.94,RU,1709467290
516,guangming,45.3333,122.7833,266.83,36,9,2.97,CN,1709467290
517,romilly-sur-seine,48.5108,3.7263,279.77,92,100,4.18,FR,1709467291
518,harper,4.375,-7.7169,303.72,68,60,2.66,LR,1709467292
519,sept-iles,50.2001,-66.3821,269.15,99,75,1.54,CA,1709467178
520,nguigmi,14.2495,13.1092,308.69,13,64,5.49,NE,1709467293
521,ocean city,39.2776,-74.5746,281.25,92,1,1.34,US,1709467058
522,timimoun,29.2639,0.231,295.36,14,0,4.63,DZ,1709467294
523,thames,-37.1333,175.5333,292.58,94,100,2.34,NZ,1709467294
524,dryden,49.7833,-92.7503,268.31,93,100,8.75,CA,1709467167
525,fallon,39.4735,-118.7774,272.08,88,100,0.0,US,1709467236
526,shchuchyn,53.6014,24.7465,278.81,57,5,6.33,BY,1709467296
527,castellaneta,40.6272,16.9369,288.94,75,20,9.77,IT,1709467297
528,kudahuvadhoo,2.6708,72.8944,301.57,76,12,3.74,MV,1709467297
529,pinarbasi,38.7229,36.3931,280.86,52,62,3.09,TR,1709467298
530,klaksvik,62.2266,-6.589,281.66,88,89,12.49,FO,1709467298
531,alice springs,-23.7,133.8833,299.38,65,79,3.6,AU,1709467290
532,axim,4.8699,-2.2405,303.91,66,98,3.26,GH,1709467300
533,necochea,-38.5473,-58.7368,289.6,44,0,5.89,AR,1709467301
534,forster,-32.1667,152.5167,293.87,97,3,3.89,AU,1709467301
535,zouerate,22.7187,-12.4521,293.25,31,1,8.52,MR,1709467302
536,santa isabel,-23.3156,-46.2214,295.99,81,93,1.49,BR,1709467302
537,mahina,-17.5065,-149.489,300.02,78,40,1.03,PF,1709467303
538,talca,-35.4333,-71.6667,285.93,52,0,2.29,CL,1709467065
539,new plymouth,-39.0667,174.0833,291.38,93,40,5.33,NZ,1709467304
540,igarka,67.4667,86.5833,264.01,93,100,8.43,RU,1709467305
541,puerto san jose,13.9256,-90.8244,297.18,79,16,2.27,GT,1709467306
542,viedma,-40.8135,-62.9967,289.91,36,0,7.28,AR,1709467269
543,kavieng,-2.5744,150.7967,301.47,79,99,4.21,PG,1709467307
544,aswan,24.0934,32.907,299.76,12,0,5.66,EG,1709467307
545,ad dilam,23.9915,47.1627,300.38,11,8,6.95,SA,1709467308
546,khunti,23.0833,85.2833,294.21,39,75,3.7,IN,1709467308
547,fougamou,-1.2154,10.5838,305.46,60,97,2.17,GA,1709467309
548,flin flon,54.7682,-101.865,253.83,88,100,4.74,CA,1709467309
549,kedrovyy,56.1667,91.8167,261.41,97,99,1.37,RU,1709467310
550,heihe,50.2441,127.4902,261.47,92,91,2.21,CN,1709467311
551,srivardhan,18.0333,73.0167,298.65,68,20,7.67,IN,1709467311
552,priargunsk,50.3691,119.1012,249.39,100,50,0.94,RU,1709467312
553,kasempa,-13.4584,25.8338,299.79,58,92,0.83,ZM,1709467292
554,wajir,1.7471,40.0573,309.13,30,40,3.09,KE,1709467313
555,zahedan,29.4963,60.8629,285.1,22,0,3.09,IR,1709467313
556,suksun,57.1431,57.3949,272.18,91,100,4.72,RU,1709467314
557,nouadhibou,20.931,-17.0347,295.14,35,32,11.83,MR,1709467315
558,arraial do cabo,-22.9661,-42.0278,299.07,73,0,2.57,BR,1709467244
559,shenkursk,62.1091,42.896,273.78,89,100,3.62,RU,1709467316
560,grenville,12.1167,-61.6167,297.18,77,22,6.17,GD,1709467317
561,crane,31.3974,-102.3501,287.39,26,43,4.23,US,1709467317
562,jayapura,-2.5333,140.7,298.81,90,95,1.99,ID,1709467318
563,oliver,49.1831,-119.5524,270.95,93,52,0.0,CA,1709467204
564,virginia beach,36.8529,-75.978,282.16,97,20,0.0,US,1709467023
565,mayya,61.7333,130.2811,246.77,100,100,0.92,RU,1709467319
566,yendi,9.4427,-0.0099,310.93,28,100,2.53,GH,1709467320
567,lata,40.1629,-8.3327,288.05,76,90,4.48,PT,1709467321
568,brezina,33.0989,1.2608,290.11,32,0,12.59,DZ,1709467322
569,pearsall,28.8922,-99.095,291.55,97,100,2.41,US,1709467322
570,zaqatala,41.6336,46.6433,280.41,49,100,2.06,AZ,1709467323
571,calbuco,-41.768,-73.1273,281.71,72,0,6.5,CL,1709467230
572,malaya vishera,58.8454,32.2222,276.93,77,30,3.49,RU,1709467324
573,xinyuan,37.3,99.0,274.52,28,28,4.0,CN,1709467324
574,rouissat,31.9243,5.3502,296.19,13,0,6.17,DZ,1709467325
575,smithers,54.7804,-127.1743,260.33,72,100,4.63,CA,1709467214
576,mazagao,-0.115,-51.2894,299.18,83,100,2.32,BR,1709467326
577,port macquarie,-31.4333,152.9167,295.31,92,41,2.59,AU,1709467327
